drug1,drug2,cell,label
5-FU,ABT-888,HT29,1
5-FU,ABT-888,LOVO,0
5-FU,ABT-888,NCIH23,0
5-FU,ABT-888,NCIH460,0
5-FU,ABT-888,RKO,0
5-FU,ABT-888,RPMI7951,0
5-FU,AZD1775,HT29,0
5-FU,AZD1775,LOVO,0
5-FU,AZD1775,NCIH23,0
5-FU,AZD1775,NCIH460,1
5-FU,AZD1775,RKO,1
5-FU,AZD1775,RPMI7951,1
5-FU,BORTEZOMIB,A427,0
5-FU,BORTEZOMIB,HT29,0
5-FU,BORTEZOMIB,LOVO,0
5-FU,BORTEZOMIB,NCIH2122,0
5-FU,BORTEZOMIB,NCIH23,0
5-FU,BORTEZOMIB,NCIH460,0
5-FU,BORTEZOMIB,RPMI7951,0
5-FU,DASATINIB,A427,1
5-FU,DASATINIB,HT29,1
5-FU,DASATINIB,LOVO,1
5-FU,DASATINIB,NCIH2122,0
5-FU,DASATINIB,NCIH23,1
5-FU,DASATINIB,NCIH460,1
5-FU,DASATINIB,RKO,1
5-FU,DASATINIB,RPMI7951,1
5-FU,ERLOTINIB,A427,1
5-FU,ERLOTINIB,HT29,1
5-FU,ERLOTINIB,LOVO,1
5-FU,ERLOTINIB,NCIH2122,1
5-FU,ERLOTINIB,NCIH460,1
5-FU,ERLOTINIB,RKO,1
5-FU,ERLOTINIB,RPMI7951,1
5-FU,GELDANAMYCIN,HT29,0
5-FU,GELDANAMYCIN,LOVO,0
5-FU,GELDANAMYCIN,NCIH2122,0
5-FU,GELDANAMYCIN,NCIH23,0
5-FU,GELDANAMYCIN,NCIH460,0
5-FU,GELDANAMYCIN,RPMI7951,0
5-FU,L778123,A427,1
5-FU,L778123,HT29,1
5-FU,L778123,NCIH460,0
5-FU,LAPATINIB,A427,0
5-FU,LAPATINIB,LOVO,1
5-FU,LAPATINIB,NCIH23,0
5-FU,LAPATINIB,NCIH460,0
5-FU,LAPATINIB,RKO,1
5-FU,MK-4827,LOVO,0
5-FU,MK-4827,NCIH23,0
5-FU,MK-4827,NCIH460,0
5-FU,MK-4827,RKO,0
5-FU,MK-5108,HT29,1
5-FU,MK-5108,NCIH2122,0
5-FU,MK-5108,NCIH23,0
5-FU,MK-5108,NCIH460,0
5-FU,MK-5108,RKO,0
5-FU,MK-8669,A427,1
5-FU,MK-8669,HT29,1
5-FU,MK-8669,NCIH2122,1
5-FU,MK-8669,NCIH23,1
5-FU,MK-8669,RKO,1
5-FU,MK-8669,RPMI7951,1
5-FU,PD325901,A427,1
5-FU,PD325901,LOVO,0
5-FU,PD325901,NCIH460,1
5-FU,SORAFENIB,HT29,0
5-FU,SORAFENIB,LOVO,0
5-FU,SORAFENIB,NCIH2122,0
5-FU,SORAFENIB,NCIH23,0
5-FU,SORAFENIB,NCIH460,0
5-FU,SORAFENIB,RPMI7951,0
5-FU,SUNITINIB,RPMI7951,0
5-FU,ZOLINZA,A427,0
5-FU,ZOLINZA,HT29,0
5-FU,ZOLINZA,LOVO,0
5-FU,ZOLINZA,NCIH2122,1
5-FU,ZOLINZA,NCIH23,0
5-FU,ZOLINZA,RKO,1
5-FU,ZOLINZA,RPMI7951,0
ABT-888,GELDANAMYCIN,HT29,0
ABT-888,GELDANAMYCIN,LOVO,1
ABT-888,GELDANAMYCIN,NCIH23,0
ABT-888,GELDANAMYCIN,NCIH460,0
ABT-888,GELDANAMYCIN,RKO,1
ABT-888,MK-8669,NCIH23,1
ABT-888,MK-8669,NCIH460,0
ABT-888,MK-8669,RPMI7951,1
ABT-888,SN-38,LOVO,0
ABT-888,SN-38,NCIH2122,1
ABT-888,SN-38,NCIH23,1
ABT-888,SN-38,NCIH460,1
ABT-888,SN-38,RKO,1
ABT-888,SN-38,RPMI7951,1
ABT-888,SORAFENIB,A427,1
ABT-888,SORAFENIB,NCIH2122,1
ABT-888,SORAFENIB,NCIH23,1
ABT-888,SORAFENIB,NCIH460,1
ABT-888,SORAFENIB,RKO,1
ABT-888,SORAFENIB,RPMI7951,1
ABT-888,TOPOTECAN,A427,0
ABT-888,TOPOTECAN,HT29,0
ABT-888,TOPOTECAN,LOVO,0
ABT-888,TOPOTECAN,NCIH2122,0
ABT-888,TOPOTECAN,NCIH23,0
ABT-888,TOPOTECAN,NCIH460,0
ABT-888,TOPOTECAN,RKO,0
ABT-888,TOPOTECAN,RPMI7951,0
AZD1775,ABT-888,A427,0
AZD1775,ABT-888,LOVO,0
AZD1775,ABT-888,NCIH2122,0
AZD1775,ABT-888,NCIH23,0
AZD1775,ABT-888,NCIH460,0
AZD1775,ABT-888,RKO,0
AZD1775,ABT-888,RPMI7951,0
AZD1775,BORTEZOMIB,A427,0
AZD1775,BORTEZOMIB,HT29,0
AZD1775,BORTEZOMIB,LOVO,0
AZD1775,BORTEZOMIB,NCIH2122,0
AZD1775,BORTEZOMIB,NCIH23,0
AZD1775,BORTEZOMIB,RKO,0
AZD1775,BORTEZOMIB,RPMI7951,0
AZD1775,DASATINIB,A427,1
AZD1775,DASATINIB,HT29,1
AZD1775,DASATINIB,LOVO,1
AZD1775,DASATINIB,NCIH2122,0
AZD1775,DASATINIB,NCIH23,1
AZD1775,DASATINIB,NCIH460,1
AZD1775,DASATINIB,RKO,1
AZD1775,DASATINIB,RPMI7951,1
AZD1775,ERLOTINIB,A427,0
AZD1775,ERLOTINIB,LOVO,1
AZD1775,ERLOTINIB,NCIH23,0
AZD1775,ERLOTINIB,NCIH460,0
AZD1775,ERLOTINIB,RPMI7951,1
AZD1775,GELDANAMYCIN,A427,0
AZD1775,GELDANAMYCIN,HT29,0
AZD1775,GELDANAMYCIN,LOVO,0
AZD1775,GELDANAMYCIN,NCIH2122,0
AZD1775,GELDANAMYCIN,NCIH23,0
AZD1775,GELDANAMYCIN,NCIH460,0
AZD1775,GELDANAMYCIN,RPMI7951,0
AZD1775,LAPATINIB,A427,0
AZD1775,LAPATINIB,HT29,0
AZD1775,LAPATINIB,LOVO,1
AZD1775,LAPATINIB,NCIH460,0
AZD1775,LAPATINIB,RPMI7951,1
AZD1775,MK-4827,NCIH2122,1
AZD1775,MK-4827,RKO,1
AZD1775,MK-4827,RPMI7951,1
AZD1775,MK-5108,A427,0
AZD1775,MK-5108,NCIH2122,0
AZD1775,MK-5108,NCIH460,0
AZD1775,MK-5108,RPMI7951,0
AZD1775,MK-8669,A427,1
AZD1775,MK-8669,HT29,1
AZD1775,MK-8669,LOVO,1
AZD1775,MK-8669,NCIH2122,1
AZD1775,MK-8669,NCIH23,1
AZD1775,MK-8669,NCIH460,1
AZD1775,MK-8669,RKO,1
AZD1775,MK-8669,RPMI7951,1
AZD1775,PD325901,A427,1
AZD1775,PD325901,RKO,1
AZD1775,PD325901,RPMI7951,1
AZD1775,SN-38,NCIH2122,0
AZD1775,SN-38,NCIH23,0
AZD1775,SN-38,NCIH460,0
AZD1775,SN-38,RKO,0
AZD1775,SORAFENIB,HT29,0
AZD1775,SORAFENIB,LOVO,0
AZD1775,SORAFENIB,NCIH2122,0
AZD1775,SORAFENIB,NCIH23,0
AZD1775,SORAFENIB,RKO,0
AZD1775,SORAFENIB,RPMI7951,0
AZD1775,TOPOTECAN,A427,1
AZD1775,TOPOTECAN,HT29,1
AZD1775,TOPOTECAN,NCIH23,1
AZD1775,TOPOTECAN,NCIH460,0
AZD1775,TOPOTECAN,RKO,0
AZD1775,TOPOTECAN,RPMI7951,0
BORTEZOMIB,ABT-888,A427,0
BORTEZOMIB,ABT-888,HT29,0
BORTEZOMIB,ABT-888,NCIH2122,1
BORTEZOMIB,ABT-888,NCIH23,0
BORTEZOMIB,DASATINIB,A427,1
BORTEZOMIB,DASATINIB,HT29,0
BORTEZOMIB,DASATINIB,LOVO,1
BORTEZOMIB,DASATINIB,NCIH2122,0
BORTEZOMIB,DASATINIB,NCIH23,0
BORTEZOMIB,DASATINIB,NCIH460,1
BORTEZOMIB,GELDANAMYCIN,HT29,0
BORTEZOMIB,GELDANAMYCIN,NCIH2122,0
BORTEZOMIB,GELDANAMYCIN,NCIH23,0
BORTEZOMIB,GELDANAMYCIN,NCIH460,0
BORTEZOMIB,GELDANAMYCIN,RPMI7951,0
BORTEZOMIB,MK-8669,A427,0
BORTEZOMIB,MK-8669,HT29,0
BORTEZOMIB,MK-8669,LOVO,1
BORTEZOMIB,MK-8669,NCIH2122,1
BORTEZOMIB,SN-38,A427,0
BORTEZOMIB,SN-38,HT29,0
BORTEZOMIB,SN-38,LOVO,1
BORTEZOMIB,SN-38,NCIH2122,0
BORTEZOMIB,SN-38,NCIH23,0
BORTEZOMIB,SN-38,NCIH460,1
BORTEZOMIB,SN-38,RKO,1
BORTEZOMIB,SN-38,RPMI7951,0
BORTEZOMIB,SORAFENIB,A427,0
BORTEZOMIB,SORAFENIB,HT29,0
BORTEZOMIB,SORAFENIB,LOVO,0
BORTEZOMIB,SORAFENIB,NCIH2122,0
BORTEZOMIB,SORAFENIB,NCIH23,0
BORTEZOMIB,SORAFENIB,NCIH460,0
BORTEZOMIB,SORAFENIB,RKO,0
BORTEZOMIB,SORAFENIB,RPMI7951,0
BORTEZOMIB,TOPOTECAN,A427,0
BORTEZOMIB,TOPOTECAN,HT29,0
BORTEZOMIB,TOPOTECAN,NCIH2122,0
BORTEZOMIB,TOPOTECAN,NCIH23,0
BORTEZOMIB,TOPOTECAN,NCIH460,0
BORTEZOMIB,TOPOTECAN,RKO,0
BORTEZOMIB,TOPOTECAN,RPMI7951,0
CYCLOPHOSPHAMIDE,ABT-888,A427,0
CYCLOPHOSPHAMIDE,ABT-888,LOVO,0
CYCLOPHOSPHAMIDE,ABT-888,NCIH460,1
CYCLOPHOSPHAMIDE,ABT-888,RKO,1
CYCLOPHOSPHAMIDE,ABT-888,RPMI7951,0
CYCLOPHOSPHAMIDE,AZD1775,LOVO,0
CYCLOPHOSPHAMIDE,AZD1775,NCIH23,0
CYCLOPHOSPHAMIDE,BORTEZOMIB,A427,0
CYCLOPHOSPHAMIDE,BORTEZOMIB,HT29,0
CYCLOPHOSPHAMIDE,BORTEZOMIB,NCIH2122,1
CYCLOPHOSPHAMIDE,BORTEZOMIB,NCIH460,1
CYCLOPHOSPHAMIDE,BORTEZOMIB,RKO,1
CYCLOPHOSPHAMIDE,DASATINIB,A427,1
CYCLOPHOSPHAMIDE,DASATINIB,HT29,1
CYCLOPHOSPHAMIDE,DASATINIB,LOVO,1
CYCLOPHOSPHAMIDE,DASATINIB,NCIH2122,0
CYCLOPHOSPHAMIDE,DASATINIB,NCIH460,0
CYCLOPHOSPHAMIDE,ERLOTINIB,LOVO,0
CYCLOPHOSPHAMIDE,ERLOTINIB,NCIH23,0
CYCLOPHOSPHAMIDE,ERLOTINIB,NCIH460,0
CYCLOPHOSPHAMIDE,ERLOTINIB,RKO,0
CYCLOPHOSPHAMIDE,ERLOTINIB,RPMI7951,0
CYCLOPHOSPHAMIDE,GELDANAMYCIN,A427,0
CYCLOPHOSPHAMIDE,GELDANAMYCIN,NCIH23,0
CYCLOPHOSPHAMIDE,GELDANAMYCIN,RKO,0
CYCLOPHOSPHAMIDE,GELDANAMYCIN,RPMI7951,0
CYCLOPHOSPHAMIDE,L778123,LOVO,0
CYCLOPHOSPHAMIDE,L778123,NCIH460,0
CYCLOPHOSPHAMIDE,L778123,RKO,1
CYCLOPHOSPHAMIDE,L778123,RPMI7951,1
CYCLOPHOSPHAMIDE,LAPATINIB,A427,0
CYCLOPHOSPHAMIDE,LAPATINIB,LOVO,0
CYCLOPHOSPHAMIDE,LAPATINIB,NCIH2122,0
CYCLOPHOSPHAMIDE,LAPATINIB,NCIH23,0
CYCLOPHOSPHAMIDE,LAPATINIB,NCIH460,0
CYCLOPHOSPHAMIDE,LAPATINIB,RKO,0
CYCLOPHOSPHAMIDE,LAPATINIB,RPMI7951,0
CYCLOPHOSPHAMIDE,MK-4827,A427,0
CYCLOPHOSPHAMIDE,MK-4827,LOVO,0
CYCLOPHOSPHAMIDE,MK-4827,NCIH2122,1
CYCLOPHOSPHAMIDE,MK-4827,NCIH23,0
CYCLOPHOSPHAMIDE,MK-4827,NCIH460,0
CYCLOPHOSPHAMIDE,MK-4827,RPMI7951,0
CYCLOPHOSPHAMIDE,MK-5108,LOVO,0
CYCLOPHOSPHAMIDE,MK-5108,NCIH460,0
CYCLOPHOSPHAMIDE,MK-5108,RKO,1
CYCLOPHOSPHAMIDE,MK-8669,A427,1
CYCLOPHOSPHAMIDE,MK-8669,NCIH2122,1
CYCLOPHOSPHAMIDE,MK-8669,NCIH460,1
CYCLOPHOSPHAMIDE,MK-8669,RKO,1
CYCLOPHOSPHAMIDE,MK-8669,RPMI7951,1
CYCLOPHOSPHAMIDE,PD325901,A427,0
CYCLOPHOSPHAMIDE,PD325901,LOVO,0
CYCLOPHOSPHAMIDE,PD325901,NCIH460,0
CYCLOPHOSPHAMIDE,PD325901,RKO,0
CYCLOPHOSPHAMIDE,PD325901,RPMI7951,0
CYCLOPHOSPHAMIDE,SORAFENIB,LOVO,0
CYCLOPHOSPHAMIDE,SORAFENIB,RPMI7951,0
CYCLOPHOSPHAMIDE,SUNITINIB,NCIH2122,1
CYCLOPHOSPHAMIDE,SUNITINIB,RPMI7951,0
CYCLOPHOSPHAMIDE,ZOLINZA,A427,0
CYCLOPHOSPHAMIDE,ZOLINZA,HT29,1
CYCLOPHOSPHAMIDE,ZOLINZA,NCIH2122,1
CYCLOPHOSPHAMIDE,ZOLINZA,RKO,1
CYCLOPHOSPHAMIDE,ZOLINZA,RPMI7951,1
DASATINIB,ABT-888,A427,1
DASATINIB,ABT-888,LOVO,1
DASATINIB,ABT-888,NCIH2122,0
DASATINIB,ABT-888,RKO,0
DASATINIB,GELDANAMYCIN,A427,1
DASATINIB,GELDANAMYCIN,HT29,1
DASATINIB,GELDANAMYCIN,LOVO,1
DASATINIB,GELDANAMYCIN,NCIH2122,0
DASATINIB,GELDANAMYCIN,NCIH23,1
DASATINIB,GELDANAMYCIN,RPMI7951,1
DASATINIB,MK-8669,A427,1
DASATINIB,MK-8669,HT29,1
DASATINIB,MK-8669,LOVO,1
DASATINIB,MK-8669,NCIH2122,0
DASATINIB,MK-8669,NCIH23,1
DASATINIB,MK-8669,NCIH460,1
DASATINIB,MK-8669,RKO,1
DASATINIB,MK-8669,RPMI7951,1
DASATINIB,SN-38,A427,1
DASATINIB,SN-38,HT29,1
DASATINIB,SN-38,LOVO,1
DASATINIB,SN-38,NCIH2122,0
DASATINIB,SN-38,NCIH23,1
DASATINIB,SN-38,NCIH460,1
DASATINIB,SN-38,RKO,1
DASATINIB,SN-38,RPMI7951,1
DASATINIB,SORAFENIB,A427,1
DASATINIB,SORAFENIB,HT29,1
DASATINIB,SORAFENIB,LOVO,1
DASATINIB,SORAFENIB,NCIH23,1
DASATINIB,SORAFENIB,NCIH460,1
DASATINIB,SORAFENIB,RKO,1
DASATINIB,TOPOTECAN,A427,1
DASATINIB,TOPOTECAN,LOVO,1
DASATINIB,TOPOTECAN,NCIH2122,0
DASATINIB,TOPOTECAN,NCIH23,0
DASATINIB,TOPOTECAN,NCIH460,0
DASATINIB,TOPOTECAN,RKO,1
DEXAMETHASONE,ABT-888,A427,0
DEXAMETHASONE,ABT-888,HT29,0
DEXAMETHASONE,ABT-888,LOVO,0
DEXAMETHASONE,ABT-888,NCIH2122,0
DEXAMETHASONE,ABT-888,NCIH460,0
DEXAMETHASONE,ABT-888,RKO,0
DEXAMETHASONE,ABT-888,RPMI7951,0
DEXAMETHASONE,AZD1775,HT29,1
DEXAMETHASONE,AZD1775,NCIH2122,1
DEXAMETHASONE,AZD1775,RPMI7951,0
DEXAMETHASONE,BORTEZOMIB,HT29,0
DEXAMETHASONE,BORTEZOMIB,NCIH2122,1
DEXAMETHASONE,BORTEZOMIB,NCIH23,0
DEXAMETHASONE,BORTEZOMIB,NCIH460,1
DEXAMETHASONE,BORTEZOMIB,RKO,1
DEXAMETHASONE,BORTEZOMIB,RPMI7951,0
DEXAMETHASONE,DASATINIB,LOVO,1
DEXAMETHASONE,DASATINIB,NCIH2122,1
DEXAMETHASONE,DASATINIB,NCIH460,0
DEXAMETHASONE,DASATINIB,RPMI7951,0
DEXAMETHASONE,ERLOTINIB,A427,0
DEXAMETHASONE,ERLOTINIB,LOVO,1
DEXAMETHASONE,ERLOTINIB,NCIH2122,1
DEXAMETHASONE,ERLOTINIB,NCIH23,0
DEXAMETHASONE,ERLOTINIB,NCIH460,0
DEXAMETHASONE,ERLOTINIB,RKO,0
DEXAMETHASONE,ERLOTINIB,RPMI7951,0
DEXAMETHASONE,GELDANAMYCIN,HT29,0
DEXAMETHASONE,GELDANAMYCIN,NCIH2122,0
DEXAMETHASONE,GELDANAMYCIN,NCIH23,0
DEXAMETHASONE,GELDANAMYCIN,RPMI7951,0
DEXAMETHASONE,L778123,LOVO,0
DEXAMETHASONE,L778123,NCIH2122,0
DEXAMETHASONE,L778123,RPMI7951,0
DEXAMETHASONE,LAPATINIB,A427,0
DEXAMETHASONE,LAPATINIB,HT29,1
DEXAMETHASONE,LAPATINIB,LOVO,1
DEXAMETHASONE,LAPATINIB,NCIH2122,1
DEXAMETHASONE,LAPATINIB,NCIH460,0
DEXAMETHASONE,LAPATINIB,RKO,0
DEXAMETHASONE,LAPATINIB,RPMI7951,0
DEXAMETHASONE,MK-4827,A427,0
DEXAMETHASONE,MK-4827,HT29,1
DEXAMETHASONE,MK-4827,LOVO,1
DEXAMETHASONE,MK-4827,NCIH2122,1
DEXAMETHASONE,MK-4827,RPMI7951,0
DEXAMETHASONE,MK-5108,A427,0
DEXAMETHASONE,MK-5108,HT29,1
DEXAMETHASONE,MK-5108,NCIH2122,0
DEXAMETHASONE,MK-5108,NCIH460,0
DEXAMETHASONE,MK-5108,RKO,1
DEXAMETHASONE,MK-5108,RPMI7951,0
DEXAMETHASONE,MK-8669,A427,1
DEXAMETHASONE,MK-8669,HT29,1
DEXAMETHASONE,MK-8669,LOVO,1
DEXAMETHASONE,MK-8669,NCIH2122,1
DEXAMETHASONE,MK-8669,NCIH23,1
DEXAMETHASONE,MK-8669,RKO,1
DEXAMETHASONE,MK-8669,RPMI7951,1
DEXAMETHASONE,PD325901,A427,0
DEXAMETHASONE,PD325901,HT29,0
DEXAMETHASONE,PD325901,NCIH2122,1
DEXAMETHASONE,PD325901,NCIH23,0
DEXAMETHASONE,PD325901,RPMI7951,0
DEXAMETHASONE,SORAFENIB,NCIH460,1
DEXAMETHASONE,SORAFENIB,RPMI7951,0
DEXAMETHASONE,SUNITINIB,LOVO,1
DEXAMETHASONE,SUNITINIB,NCIH2122,1
DEXAMETHASONE,SUNITINIB,RPMI7951,0
DEXAMETHASONE,ZOLINZA,A427,0
DEXAMETHASONE,ZOLINZA,HT29,1
DEXAMETHASONE,ZOLINZA,LOVO,1
DEXAMETHASONE,ZOLINZA,RKO,1
DEXAMETHASONE,ZOLINZA,RPMI7951,0
DOXORUBICIN,ABT-888,NCIH2122,0
DOXORUBICIN,ABT-888,NCIH23,0
DOXORUBICIN,AZD1775,A427,0
DOXORUBICIN,AZD1775,HT29,1
DOXORUBICIN,AZD1775,NCIH2122,0
DOXORUBICIN,AZD1775,NCIH23,0
DOXORUBICIN,AZD1775,RPMI7951,0
DOXORUBICIN,BORTEZOMIB,A427,0
DOXORUBICIN,BORTEZOMIB,HT29,0
DOXORUBICIN,BORTEZOMIB,NCIH2122,0
DOXORUBICIN,BORTEZOMIB,NCIH23,0
DOXORUBICIN,BORTEZOMIB,NCIH460,0
DOXORUBICIN,BORTEZOMIB,RKO,0
DOXORUBICIN,BORTEZOMIB,RPMI7951,0
DOXORUBICIN,DASATINIB,A427,1
DOXORUBICIN,DASATINIB,HT29,1
DOXORUBICIN,DASATINIB,LOVO,1
DOXORUBICIN,DASATINIB,NCIH2122,0
DOXORUBICIN,DASATINIB,NCIH460,1
DOXORUBICIN,DASATINIB,RKO,1
DOXORUBICIN,ERLOTINIB,A427,0
DOXORUBICIN,ERLOTINIB,LOVO,1
DOXORUBICIN,ERLOTINIB,NCIH2122,1
DOXORUBICIN,ERLOTINIB,RKO,1
DOXORUBICIN,ERLOTINIB,RPMI7951,0
DOXORUBICIN,GELDANAMYCIN,HT29,0
DOXORUBICIN,GELDANAMYCIN,LOVO,0
DOXORUBICIN,GELDANAMYCIN,NCIH2122,0
DOXORUBICIN,GELDANAMYCIN,NCIH23,0
DOXORUBICIN,GELDANAMYCIN,RKO,0
DOXORUBICIN,GELDANAMYCIN,RPMI7951,0
DOXORUBICIN,L778123,A427,0
DOXORUBICIN,L778123,HT29,1
DOXORUBICIN,L778123,LOVO,0
DOXORUBICIN,L778123,NCIH2122,0
DOXORUBICIN,L778123,NCIH23,0
DOXORUBICIN,L778123,RKO,0
DOXORUBICIN,L778123,RPMI7951,0
DOXORUBICIN,LAPATINIB,A427,0
DOXORUBICIN,LAPATINIB,HT29,0
DOXORUBICIN,LAPATINIB,LOVO,1
DOXORUBICIN,LAPATINIB,NCIH23,1
DOXORUBICIN,LAPATINIB,RKO,1
DOXORUBICIN,MK-4827,A427,0
DOXORUBICIN,MK-4827,HT29,0
DOXORUBICIN,MK-4827,LOVO,0
DOXORUBICIN,MK-4827,NCIH2122,0
DOXORUBICIN,MK-4827,NCIH23,0
DOXORUBICIN,MK-4827,RKO,0
DOXORUBICIN,MK-4827,RPMI7951,0
DOXORUBICIN,MK-5108,A427,0
DOXORUBICIN,MK-5108,HT29,1
DOXORUBICIN,MK-5108,LOVO,0
DOXORUBICIN,MK-5108,NCIH2122,0
DOXORUBICIN,MK-5108,NCIH460,0
DOXORUBICIN,MK-5108,RKO,0
DOXORUBICIN,MK-8669,A427,1
DOXORUBICIN,MK-8669,HT29,1
DOXORUBICIN,MK-8669,LOVO,1
DOXORUBICIN,MK-8669,NCIH2122,0
DOXORUBICIN,MK-8669,NCIH23,0
DOXORUBICIN,MK-8669,NCIH460,1
DOXORUBICIN,MK-8669,RKO,1
DOXORUBICIN,MK-8669,RPMI7951,0
DOXORUBICIN,PD325901,NCIH2122,0
DOXORUBICIN,PD325901,NCIH460,1
DOXORUBICIN,PD325901,RKO,1
DOXORUBICIN,PD325901,RPMI7951,0
DOXORUBICIN,SORAFENIB,A427,0
DOXORUBICIN,SORAFENIB,HT29,0
DOXORUBICIN,SORAFENIB,LOVO,0
DOXORUBICIN,SORAFENIB,NCIH2122,0
DOXORUBICIN,SORAFENIB,NCIH23,0
DOXORUBICIN,SORAFENIB,NCIH460,0
DOXORUBICIN,SORAFENIB,RKO,0
DOXORUBICIN,SORAFENIB,RPMI7951,0
DOXORUBICIN,SUNITINIB,HT29,0
DOXORUBICIN,SUNITINIB,LOVO,0
DOXORUBICIN,SUNITINIB,NCIH2122,0
DOXORUBICIN,SUNITINIB,NCIH23,0
DOXORUBICIN,SUNITINIB,NCIH460,0
DOXORUBICIN,SUNITINIB,RKO,0
DOXORUBICIN,SUNITINIB,RPMI7951,0
DOXORUBICIN,ZOLINZA,A427,0
DOXORUBICIN,ZOLINZA,HT29,1
DOXORUBICIN,ZOLINZA,NCIH23,0
DOXORUBICIN,ZOLINZA,NCIH460,1
DOXORUBICIN,ZOLINZA,RKO,0
DOXORUBICIN,ZOLINZA,RPMI7951,0
ERLOTINIB,ABT-888,A427,0
ERLOTINIB,ABT-888,HT29,0
ERLOTINIB,ABT-888,NCIH23,0
ERLOTINIB,ABT-888,NCIH460,0
ERLOTINIB,ABT-888,RKO,0
ERLOTINIB,ABT-888,RPMI7951,0
ERLOTINIB,BORTEZOMIB,A427,0
ERLOTINIB,BORTEZOMIB,HT29,0
ERLOTINIB,BORTEZOMIB,NCIH2122,0
ERLOTINIB,BORTEZOMIB,NCIH23,0
ERLOTINIB,BORTEZOMIB,RKO,1
ERLOTINIB,BORTEZOMIB,RPMI7951,0
ERLOTINIB,DASATINIB,A427,1
ERLOTINIB,DASATINIB,HT29,1
ERLOTINIB,DASATINIB,LOVO,1
ERLOTINIB,DASATINIB,NCIH2122,0
ERLOTINIB,DASATINIB,NCIH23,1
ERLOTINIB,DASATINIB,NCIH460,1
ERLOTINIB,DASATINIB,RKO,1
ERLOTINIB,DASATINIB,RPMI7951,1
ERLOTINIB,GELDANAMYCIN,A427,0
ERLOTINIB,GELDANAMYCIN,LOVO,0
ERLOTINIB,GELDANAMYCIN,NCIH2122,1
ERLOTINIB,GELDANAMYCIN,NCIH460,1
ERLOTINIB,GELDANAMYCIN,RPMI7951,0
ERLOTINIB,MK-8669,A427,1
ERLOTINIB,MK-8669,HT29,1
ERLOTINIB,MK-8669,LOVO,1
ERLOTINIB,MK-8669,NCIH2122,1
ERLOTINIB,MK-8669,NCIH23,1
ERLOTINIB,MK-8669,NCIH460,1
ERLOTINIB,MK-8669,RKO,1
ERLOTINIB,MK-8669,RPMI7951,1
ERLOTINIB,PD325901,HT29,1
ERLOTINIB,PD325901,LOVO,1
ERLOTINIB,PD325901,NCIH2122,1
ERLOTINIB,PD325901,NCIH460,1
ERLOTINIB,SN-38,HT29,1
ERLOTINIB,SN-38,LOVO,1
ERLOTINIB,SN-38,NCIH2122,1
ERLOTINIB,SN-38,NCIH23,1
ERLOTINIB,SN-38,NCIH460,1
ERLOTINIB,SN-38,RKO,1
ERLOTINIB,SN-38,RPMI7951,1
ERLOTINIB,SORAFENIB,A427,1
ERLOTINIB,SORAFENIB,LOVO,0
ERLOTINIB,SORAFENIB,NCIH460,1
ERLOTINIB,SORAFENIB,RKO,1
ERLOTINIB,SORAFENIB,RPMI7951,0
ERLOTINIB,TOPOTECAN,A427,1
ERLOTINIB,TOPOTECAN,HT29,1
ERLOTINIB,TOPOTECAN,LOVO,1
ERLOTINIB,TOPOTECAN,NCIH2122,1
ERLOTINIB,TOPOTECAN,NCIH23,1
ERLOTINIB,TOPOTECAN,NCIH460,1
ERLOTINIB,TOPOTECAN,RKO,1
ERLOTINIB,TOPOTECAN,RPMI7951,1
ETOPOSIDE,ABT-888,A427,0
ETOPOSIDE,ABT-888,LOVO,0
ETOPOSIDE,ABT-888,NCIH2122,1
ETOPOSIDE,ABT-888,NCIH23,0
ETOPOSIDE,ABT-888,NCIH460,0
ETOPOSIDE,ABT-888,RPMI7951,0
ETOPOSIDE,AZD1775,A427,0
ETOPOSIDE,AZD1775,HT29,1
ETOPOSIDE,AZD1775,NCIH23,0
ETOPOSIDE,BORTEZOMIB,A427,0
ETOPOSIDE,BORTEZOMIB,HT29,0
ETOPOSIDE,BORTEZOMIB,NCIH2122,0
ETOPOSIDE,BORTEZOMIB,NCIH23,0
ETOPOSIDE,BORTEZOMIB,NCIH460,0
ETOPOSIDE,BORTEZOMIB,RKO,0
ETOPOSIDE,BORTEZOMIB,RPMI7951,0
ETOPOSIDE,DASATINIB,A427,1
ETOPOSIDE,DASATINIB,HT29,1
ETOPOSIDE,DASATINIB,LOVO,1
ETOPOSIDE,DASATINIB,NCIH2122,0
ETOPOSIDE,DASATINIB,NCIH23,0
ETOPOSIDE,DASATINIB,NCIH460,1
ETOPOSIDE,DASATINIB,RKO,1
ETOPOSIDE,DASATINIB,RPMI7951,1
ETOPOSIDE,ERLOTINIB,HT29,1
ETOPOSIDE,ERLOTINIB,LOVO,1
ETOPOSIDE,ERLOTINIB,NCIH2122,1
ETOPOSIDE,ERLOTINIB,NCIH23,0
ETOPOSIDE,ERLOTINIB,NCIH460,1
ETOPOSIDE,ERLOTINIB,RKO,1
ETOPOSIDE,ERLOTINIB,RPMI7951,0
ETOPOSIDE,GELDANAMYCIN,LOVO,0
ETOPOSIDE,GELDANAMYCIN,NCIH2122,0
ETOPOSIDE,GELDANAMYCIN,NCIH23,0
ETOPOSIDE,GELDANAMYCIN,RKO,0
ETOPOSIDE,GELDANAMYCIN,RPMI7951,0
ETOPOSIDE,LAPATINIB,A427,0
ETOPOSIDE,LAPATINIB,HT29,1
ETOPOSIDE,LAPATINIB,LOVO,1
ETOPOSIDE,LAPATINIB,NCIH2122,1
ETOPOSIDE,LAPATINIB,NCIH23,0
ETOPOSIDE,LAPATINIB,NCIH460,1
ETOPOSIDE,LAPATINIB,RPMI7951,1
ETOPOSIDE,MK-4827,A427,0
ETOPOSIDE,MK-4827,NCIH2122,1
ETOPOSIDE,MK-4827,NCIH23,0
ETOPOSIDE,MK-4827,NCIH460,1
ETOPOSIDE,MK-5108,A427,0
ETOPOSIDE,MK-5108,HT29,1
ETOPOSIDE,MK-5108,NCIH2122,0
ETOPOSIDE,MK-5108,NCIH23,1
ETOPOSIDE,MK-5108,NCIH460,0
ETOPOSIDE,MK-5108,RKO,1
ETOPOSIDE,MK-5108,RPMI7951,1
ETOPOSIDE,MK-8669,HT29,1
ETOPOSIDE,MK-8669,LOVO,1
ETOPOSIDE,MK-8669,NCIH2122,1
ETOPOSIDE,MK-8669,NCIH23,0
ETOPOSIDE,MK-8669,RKO,1
ETOPOSIDE,PD325901,A427,1
ETOPOSIDE,PD325901,HT29,1
ETOPOSIDE,PD325901,LOVO,1
ETOPOSIDE,PD325901,NCIH2122,1
ETOPOSIDE,PD325901,NCIH460,1
ETOPOSIDE,PD325901,RKO,1
ETOPOSIDE,PD325901,RPMI7951,0
ETOPOSIDE,SORAFENIB,HT29,0
ETOPOSIDE,SORAFENIB,LOVO,0
ETOPOSIDE,SORAFENIB,NCIH2122,0
ETOPOSIDE,SORAFENIB,NCIH23,0
ETOPOSIDE,SORAFENIB,RKO,0
ETOPOSIDE,SORAFENIB,RPMI7951,0
ETOPOSIDE,SUNITINIB,NCIH23,0
ETOPOSIDE,SUNITINIB,RKO,0
ETOPOSIDE,SUNITINIB,RPMI7951,0
ETOPOSIDE,ZOLINZA,A427,0
ETOPOSIDE,ZOLINZA,HT29,1
ETOPOSIDE,ZOLINZA,LOVO,1
ETOPOSIDE,ZOLINZA,NCIH2122,1
ETOPOSIDE,ZOLINZA,NCIH23,0
GELDANAMYCIN,SN-38,A427,1
GELDANAMYCIN,SN-38,HT29,0
GELDANAMYCIN,SN-38,LOVO,0
GELDANAMYCIN,SN-38,NCIH460,1
GELDANAMYCIN,SN-38,RKO,1
GELDANAMYCIN,SN-38,RPMI7951,0
GELDANAMYCIN,SORAFENIB,HT29,0
GELDANAMYCIN,SORAFENIB,LOVO,0
GELDANAMYCIN,SORAFENIB,NCIH23,0
GELDANAMYCIN,SORAFENIB,NCIH460,0
GELDANAMYCIN,SORAFENIB,RKO,0
GELDANAMYCIN,SORAFENIB,RPMI7951,0
GELDANAMYCIN,TOPOTECAN,A427,1
GELDANAMYCIN,TOPOTECAN,HT29,0
GELDANAMYCIN,TOPOTECAN,LOVO,0
GELDANAMYCIN,TOPOTECAN,NCIH2122,0
GELDANAMYCIN,TOPOTECAN,NCIH23,0
GELDANAMYCIN,TOPOTECAN,NCIH460,0
GELDANAMYCIN,TOPOTECAN,RKO,0
GELDANAMYCIN,TOPOTECAN,RPMI7951,0
GEMCITABINE,ABT-888,LOVO,0
GEMCITABINE,ABT-888,NCIH23,0
GEMCITABINE,ABT-888,RKO,0
GEMCITABINE,ABT-888,RPMI7951,0
GEMCITABINE,AZD1775,HT29,1
GEMCITABINE,AZD1775,LOVO,0
GEMCITABINE,AZD1775,NCIH2122,0
GEMCITABINE,AZD1775,NCIH23,0
GEMCITABINE,AZD1775,NCIH460,1
GEMCITABINE,AZD1775,RKO,0
GEMCITABINE,AZD1775,RPMI7951,0
GEMCITABINE,BORTEZOMIB,A427,0
GEMCITABINE,BORTEZOMIB,HT29,0
GEMCITABINE,BORTEZOMIB,LOVO,0
GEMCITABINE,BORTEZOMIB,NCIH2122,0
GEMCITABINE,BORTEZOMIB,NCIH23,0
GEMCITABINE,BORTEZOMIB,NCIH460,0
GEMCITABINE,BORTEZOMIB,RKO,0
GEMCITABINE,BORTEZOMIB,RPMI7951,0
GEMCITABINE,DASATINIB,A427,1
GEMCITABINE,DASATINIB,HT29,1
GEMCITABINE,DASATINIB,LOVO,1
GEMCITABINE,DASATINIB,NCIH23,0
GEMCITABINE,DASATINIB,NCIH460,1
GEMCITABINE,ERLOTINIB,HT29,1
GEMCITABINE,ERLOTINIB,LOVO,1
GEMCITABINE,ERLOTINIB,NCIH2122,1
GEMCITABINE,ERLOTINIB,NCIH23,0
GEMCITABINE,ERLOTINIB,NCIH460,1
GEMCITABINE,ERLOTINIB,RKO,0
GEMCITABINE,ERLOTINIB,RPMI7951,0
GEMCITABINE,GELDANAMYCIN,HT29,0
GEMCITABINE,GELDANAMYCIN,LOVO,0
GEMCITABINE,GELDANAMYCIN,NCIH2122,0
GEMCITABINE,GELDANAMYCIN,NCIH23,0
GEMCITABINE,GELDANAMYCIN,NCIH460,0
GEMCITABINE,GELDANAMYCIN,RKO,0
GEMCITABINE,GELDANAMYCIN,RPMI7951,0
GEMCITABINE,LAPATINIB,A427,0
GEMCITABINE,LAPATINIB,NCIH2122,1
GEMCITABINE,LAPATINIB,NCIH23,0
GEMCITABINE,LAPATINIB,NCIH460,1
GEMCITABINE,LAPATINIB,RKO,0
GEMCITABINE,LAPATINIB,RPMI7951,0
GEMCITABINE,MK-4827,A427,0
GEMCITABINE,MK-4827,LOVO,0
GEMCITABINE,MK-4827,NCIH23,0
GEMCITABINE,MK-4827,RKO,0
GEMCITABINE,MK-4827,RPMI7951,0
GEMCITABINE,MK-5108,A427,0
GEMCITABINE,MK-5108,HT29,1
GEMCITABINE,MK-5108,LOVO,0
GEMCITABINE,MK-5108,NCIH2122,0
GEMCITABINE,MK-5108,NCIH23,0
GEMCITABINE,MK-5108,NCIH460,0
GEMCITABINE,MK-5108,RKO,0
GEMCITABINE,MK-5108,RPMI7951,0
GEMCITABINE,MK-8669,NCIH2122,1
GEMCITABINE,MK-8669,NCIH23,0
GEMCITABINE,MK-8669,NCIH460,1
GEMCITABINE,PD325901,A427,1
GEMCITABINE,PD325901,NCIH2122,1
GEMCITABINE,PD325901,NCIH23,0
GEMCITABINE,PD325901,NCIH460,1
GEMCITABINE,PD325901,RPMI7951,0
GEMCITABINE,SORAFENIB,A427,0
GEMCITABINE,SORAFENIB,HT29,0
GEMCITABINE,SORAFENIB,LOVO,0
GEMCITABINE,SORAFENIB,NCIH2122,0
GEMCITABINE,SORAFENIB,NCIH23,0
GEMCITABINE,SORAFENIB,NCIH460,0
GEMCITABINE,SORAFENIB,RKO,0
GEMCITABINE,SORAFENIB,RPMI7951,0
GEMCITABINE,SUNITINIB,LOVO,0
GEMCITABINE,SUNITINIB,NCIH23,0
GEMCITABINE,SUNITINIB,RKO,0
GEMCITABINE,SUNITINIB,RPMI7951,0
L778123,ABT-888,A427,1
L778123,ABT-888,NCIH2122,1
L778123,ABT-888,NCIH460,0
L778123,ABT-888,RPMI7951,0
L778123,AZD1775,A427,0
L778123,AZD1775,HT29,1
L778123,AZD1775,NCIH2122,0
L778123,AZD1775,NCIH460,1
L778123,AZD1775,RPMI7951,1
L778123,BORTEZOMIB,HT29,0
L778123,BORTEZOMIB,NCIH2122,0
L778123,BORTEZOMIB,NCIH23,0
L778123,BORTEZOMIB,RKO,1
L778123,BORTEZOMIB,RPMI7951,0
L778123,DASATINIB,A427,1
L778123,DASATINIB,HT29,1
L778123,DASATINIB,LOVO,1
L778123,DASATINIB,NCIH2122,0
L778123,DASATINIB,NCIH23,0
L778123,DASATINIB,NCIH460,1
L778123,DASATINIB,RKO,1
L778123,DASATINIB,RPMI7951,1
L778123,ERLOTINIB,A427,1
L778123,ERLOTINIB,HT29,1
L778123,ERLOTINIB,LOVO,1
L778123,ERLOTINIB,NCIH2122,1
L778123,ERLOTINIB,NCIH23,1
L778123,ERLOTINIB,NCIH460,1
L778123,ETOPOSIDE,A427,0
L778123,ETOPOSIDE,HT29,1
L778123,ETOPOSIDE,NCIH460,1
L778123,GELDANAMYCIN,A427,1
L778123,GELDANAMYCIN,LOVO,1
L778123,GELDANAMYCIN,NCIH2122,1
L778123,GELDANAMYCIN,NCIH460,1
L778123,GELDANAMYCIN,RKO,1
L778123,GELDANAMYCIN,RPMI7951,1
L778123,GEMCITABINE,HT29,1
L778123,GEMCITABINE,LOVO,0
L778123,GEMCITABINE,NCIH2122,0
L778123,GEMCITABINE,NCIH23,0
L778123,GEMCITABINE,RKO,0
L778123,GEMCITABINE,RPMI7951,0
L778123,LAPATINIB,HT29,1
L778123,LAPATINIB,LOVO,1
L778123,LAPATINIB,NCIH2122,1
L778123,LAPATINIB,NCIH23,1
L778123,LAPATINIB,RKO,1
L778123,LAPATINIB,RPMI7951,1
L778123,MK-4827,A427,1
L778123,MK-4827,HT29,1
L778123,MK-4827,NCIH2122,1
L778123,MK-4827,RKO,1
L778123,MK-4827,RPMI7951,1
L778123,MK-5108,A427,1
L778123,MK-5108,HT29,1
L778123,MK-5108,NCIH23,0
L778123,MK-5108,NCIH460,0
L778123,MK-5108,RKO,1
L778123,MK-8669,A427,1
L778123,MK-8669,HT29,1
L778123,MK-8669,LOVO,1
L778123,MK-8669,NCIH2122,1
L778123,MK-8669,NCIH23,1
L778123,MK-8669,NCIH460,1
L778123,MK-8669,RKO,1
L778123,MK-8669,RPMI7951,1
L778123,PD325901,A427,1
L778123,PD325901,HT29,1
L778123,PD325901,LOVO,1
L778123,PD325901,NCIH2122,1
L778123,PD325901,NCIH23,1
L778123,PD325901,NCIH460,1
L778123,PD325901,RKO,1
L778123,PD325901,RPMI7951,1
L778123,SN-38,A427,1
L778123,SN-38,HT29,1
L778123,SN-38,NCIH23,1
L778123,SN-38,RKO,1
L778123,SN-38,RPMI7951,1
L778123,SORAFENIB,A427,1
L778123,SORAFENIB,NCIH460,1
L778123,SORAFENIB,RKO,1
L778123,SORAFENIB,RPMI7951,0
L778123,SUNITINIB,A427,1
L778123,SUNITINIB,HT29,1
L778123,SUNITINIB,NCIH460,1
L778123,SUNITINIB,RKO,1
L778123,TOPOTECAN,A427,1
L778123,TOPOTECAN,HT29,1
L778123,TOPOTECAN,LOVO,1
L778123,TOPOTECAN,NCIH2122,1
L778123,TOPOTECAN,NCIH23,1
L778123,TOPOTECAN,NCIH460,1
L778123,TOPOTECAN,RKO,1
L778123,VINORELBINE,HT29,0
L778123,VINORELBINE,NCIH2122,0
L778123,VINORELBINE,NCIH23,0
L778123,VINORELBINE,RKO,0
L778123,ZOLINZA,A427,0
L778123,ZOLINZA,HT29,1
L778123,ZOLINZA,LOVO,1
L778123,ZOLINZA,NCIH2122,1
L778123,ZOLINZA,NCIH23,1
L778123,ZOLINZA,NCIH460,1
LAPATINIB,ABT-888,A427,0
LAPATINIB,ABT-888,LOVO,1
LAPATINIB,ABT-888,NCIH2122,0
LAPATINIB,ABT-888,NCIH460,0
LAPATINIB,ABT-888,RKO,0
LAPATINIB,ABT-888,RPMI7951,0
LAPATINIB,BORTEZOMIB,A427,0
LAPATINIB,BORTEZOMIB,HT29,0
LAPATINIB,BORTEZOMIB,LOVO,1
LAPATINIB,BORTEZOMIB,NCIH460,1
LAPATINIB,BORTEZOMIB,RKO,1
LAPATINIB,BORTEZOMIB,RPMI7951,0
LAPATINIB,DASATINIB,A427,1
LAPATINIB,DASATINIB,HT29,1
LAPATINIB,DASATINIB,LOVO,1
LAPATINIB,DASATINIB,NCIH2122,0
LAPATINIB,DASATINIB,NCIH460,0
LAPATINIB,DASATINIB,RPMI7951,1
LAPATINIB,ERLOTINIB,A427,0
LAPATINIB,ERLOTINIB,HT29,0
LAPATINIB,ERLOTINIB,LOVO,0
LAPATINIB,ERLOTINIB,NCIH2122,1
LAPATINIB,ERLOTINIB,NCIH23,0
LAPATINIB,ERLOTINIB,NCIH460,0
LAPATINIB,ERLOTINIB,RKO,0
LAPATINIB,ERLOTINIB,RPMI7951,0
LAPATINIB,GELDANAMYCIN,A427,0
LAPATINIB,GELDANAMYCIN,LOVO,1
LAPATINIB,GELDANAMYCIN,NCIH2122,1
LAPATINIB,GELDANAMYCIN,NCIH23,0
LAPATINIB,GELDANAMYCIN,NCIH460,1
LAPATINIB,GELDANAMYCIN,RKO,1
LAPATINIB,GELDANAMYCIN,RPMI7951,0
LAPATINIB,MK-4827,A427,0
LAPATINIB,MK-4827,HT29,1
LAPATINIB,MK-4827,LOVO,1
LAPATINIB,MK-4827,NCIH2122,1
LAPATINIB,MK-4827,NCIH23,0
LAPATINIB,MK-4827,RKO,1
LAPATINIB,MK-4827,RPMI7951,1
LAPATINIB,MK-5108,A427,0
LAPATINIB,MK-5108,HT29,1
LAPATINIB,MK-5108,LOVO,1
LAPATINIB,MK-5108,NCIH2122,0
LAPATINIB,MK-5108,NCIH460,0
LAPATINIB,MK-8669,A427,0
LAPATINIB,MK-8669,HT29,1
LAPATINIB,MK-8669,LOVO,1
LAPATINIB,MK-8669,NCIH2122,1
LAPATINIB,MK-8669,NCIH460,0
LAPATINIB,MK-8669,RKO,1
LAPATINIB,MK-8669,RPMI7951,1
LAPATINIB,PD325901,A427,1
LAPATINIB,PD325901,HT29,1
LAPATINIB,PD325901,LOVO,1
LAPATINIB,PD325901,NCIH2122,1
LAPATINIB,PD325901,NCIH23,1
LAPATINIB,PD325901,NCIH460,1
LAPATINIB,PD325901,RKO,1
LAPATINIB,PD325901,RPMI7951,1
LAPATINIB,SN-38,A427,0
LAPATINIB,SN-38,HT29,1
LAPATINIB,SN-38,LOVO,1
LAPATINIB,SN-38,NCIH2122,1
LAPATINIB,SN-38,NCIH23,1
LAPATINIB,SN-38,NCIH460,1
LAPATINIB,SN-38,RPMI7951,1
LAPATINIB,SORAFENIB,HT29,0
LAPATINIB,SORAFENIB,LOVO,0
LAPATINIB,SORAFENIB,NCIH2122,1
LAPATINIB,SORAFENIB,NCIH460,1
LAPATINIB,SORAFENIB,RKO,1
LAPATINIB,TOPOTECAN,HT29,0
LAPATINIB,TOPOTECAN,LOVO,1
LAPATINIB,TOPOTECAN,NCIH2122,1
LAPATINIB,TOPOTECAN,NCIH23,1
LAPATINIB,TOPOTECAN,RKO,1
METFORMIN,ABT-888,A427,0
METFORMIN,ABT-888,HT29,0
METFORMIN,ABT-888,LOVO,0
METFORMIN,ABT-888,NCIH2122,0
METFORMIN,ABT-888,NCIH23,0
METFORMIN,ABT-888,NCIH460,0
METFORMIN,ABT-888,RKO,0
METFORMIN,ABT-888,RPMI7951,0
METFORMIN,AZD1775,LOVO,0
METFORMIN,AZD1775,NCIH2122,0
METFORMIN,AZD1775,NCIH460,0
METFORMIN,AZD1775,RPMI7951,1
METFORMIN,BORTEZOMIB,A427,0
METFORMIN,BORTEZOMIB,HT29,0
METFORMIN,BORTEZOMIB,LOVO,0
METFORMIN,BORTEZOMIB,NCIH23,0
METFORMIN,BORTEZOMIB,NCIH460,0
METFORMIN,BORTEZOMIB,RKO,0
METFORMIN,BORTEZOMIB,RPMI7951,0
METFORMIN,DASATINIB,A427,1
METFORMIN,DASATINIB,LOVO,1
METFORMIN,DASATINIB,NCIH2122,0
METFORMIN,DASATINIB,NCIH23,0
METFORMIN,ERLOTINIB,A427,0
METFORMIN,ERLOTINIB,HT29,0
METFORMIN,ERLOTINIB,NCIH23,0
METFORMIN,ERLOTINIB,NCIH460,0
METFORMIN,ERLOTINIB,RKO,0
METFORMIN,GELDANAMYCIN,HT29,0
METFORMIN,GELDANAMYCIN,LOVO,0
METFORMIN,GELDANAMYCIN,NCIH2122,0
METFORMIN,GELDANAMYCIN,NCIH23,0
METFORMIN,GELDANAMYCIN,NCIH460,0
METFORMIN,GELDANAMYCIN,RKO,0
METFORMIN,GELDANAMYCIN,RPMI7951,0
METFORMIN,L778123,RKO,0
METFORMIN,LAPATINIB,A427,0
METFORMIN,LAPATINIB,LOVO,1
METFORMIN,LAPATINIB,NCIH23,0
METFORMIN,LAPATINIB,NCIH460,0
METFORMIN,LAPATINIB,RKO,0
METFORMIN,MK-4827,A427,0
METFORMIN,MK-4827,LOVO,0
METFORMIN,MK-4827,NCIH23,0
METFORMIN,MK-5108,A427,0
METFORMIN,MK-5108,LOVO,0
METFORMIN,MK-5108,NCIH460,0
METFORMIN,MK-8669,A427,1
METFORMIN,MK-8669,HT29,1
METFORMIN,MK-8669,LOVO,1
METFORMIN,MK-8669,RKO,1
METFORMIN,PD325901,A427,0
METFORMIN,PD325901,HT29,0
METFORMIN,PD325901,LOVO,0
METFORMIN,PD325901,NCIH2122,0
METFORMIN,PD325901,NCIH23,0
METFORMIN,PD325901,NCIH460,0
METFORMIN,PD325901,RKO,0
METFORMIN,PD325901,RPMI7951,0
METFORMIN,SORAFENIB,LOVO,0
METFORMIN,SORAFENIB,NCIH460,1
METFORMIN,SORAFENIB,RKO,1
METFORMIN,SUNITINIB,NCIH460,0
METFORMIN,SUNITINIB,RPMI7951,0
METFORMIN,ZOLINZA,A427,0
METFORMIN,ZOLINZA,HT29,1
METFORMIN,ZOLINZA,NCIH23,0
METFORMIN,ZOLINZA,NCIH460,0
METHOTREXATE,ABT-888,LOVO,0
METHOTREXATE,ABT-888,NCIH23,0
METHOTREXATE,ABT-888,NCIH460,0
METHOTREXATE,ABT-888,RKO,0
METHOTREXATE,ABT-888,RPMI7951,1
METHOTREXATE,AZD1775,A427,0
METHOTREXATE,AZD1775,HT29,0
METHOTREXATE,AZD1775,LOVO,0
METHOTREXATE,AZD1775,NCIH2122,0
METHOTREXATE,AZD1775,NCIH23,0
METHOTREXATE,AZD1775,NCIH460,0
METHOTREXATE,AZD1775,RKO,0
METHOTREXATE,AZD1775,RPMI7951,0
METHOTREXATE,BORTEZOMIB,A427,0
METHOTREXATE,BORTEZOMIB,HT29,0
METHOTREXATE,BORTEZOMIB,LOVO,0
METHOTREXATE,BORTEZOMIB,NCIH2122,0
METHOTREXATE,BORTEZOMIB,NCIH23,0
METHOTREXATE,BORTEZOMIB,NCIH460,0
METHOTREXATE,BORTEZOMIB,RKO,0
METHOTREXATE,BORTEZOMIB,RPMI7951,0
METHOTREXATE,DASATINIB,HT29,0
METHOTREXATE,DASATINIB,LOVO,1
METHOTREXATE,DASATINIB,NCIH2122,1
METHOTREXATE,DASATINIB,NCIH23,0
METHOTREXATE,DASATINIB,NCIH460,0
METHOTREXATE,DASATINIB,RKO,0
METHOTREXATE,DASATINIB,RPMI7951,0
METHOTREXATE,ERLOTINIB,A427,1
METHOTREXATE,ERLOTINIB,HT29,0
METHOTREXATE,ERLOTINIB,LOVO,0
METHOTREXATE,ERLOTINIB,NCIH2122,0
METHOTREXATE,ERLOTINIB,NCIH460,0
METHOTREXATE,ERLOTINIB,RKO,0
METHOTREXATE,ERLOTINIB,RPMI7951,0
METHOTREXATE,GELDANAMYCIN,A427,0
METHOTREXATE,GELDANAMYCIN,HT29,0
METHOTREXATE,GELDANAMYCIN,LOVO,0
METHOTREXATE,GELDANAMYCIN,NCIH2122,0
METHOTREXATE,GELDANAMYCIN,NCIH23,0
METHOTREXATE,GELDANAMYCIN,NCIH460,0
METHOTREXATE,GELDANAMYCIN,RKO,0
METHOTREXATE,GELDANAMYCIN,RPMI7951,0
METHOTREXATE,L778123,A427,1
METHOTREXATE,L778123,HT29,0
METHOTREXATE,L778123,LOVO,0
METHOTREXATE,L778123,NCIH2122,0
METHOTREXATE,L778123,NCIH23,0
METHOTREXATE,L778123,NCIH460,0
METHOTREXATE,L778123,RKO,0
METHOTREXATE,L778123,RPMI7951,0
METHOTREXATE,LAPATINIB,HT29,0
METHOTREXATE,LAPATINIB,NCIH2122,0
METHOTREXATE,LAPATINIB,NCIH23,0
METHOTREXATE,LAPATINIB,NCIH460,0
METHOTREXATE,LAPATINIB,RKO,0
METHOTREXATE,MK-4827,A427,1
METHOTREXATE,MK-4827,HT29,0
METHOTREXATE,MK-4827,LOVO,0
METHOTREXATE,MK-4827,NCIH23,0
METHOTREXATE,MK-4827,NCIH460,0
METHOTREXATE,MK-4827,RKO,0
METHOTREXATE,MK-5108,HT29,0
METHOTREXATE,MK-5108,LOVO,0
METHOTREXATE,MK-5108,NCIH2122,0
METHOTREXATE,MK-5108,NCIH23,0
METHOTREXATE,MK-5108,NCIH460,0
METHOTREXATE,MK-5108,RKO,0
METHOTREXATE,MK-5108,RPMI7951,0
METHOTREXATE,MK-8669,A427,1
METHOTREXATE,MK-8669,HT29,0
METHOTREXATE,MK-8669,LOVO,0
METHOTREXATE,MK-8669,NCIH2122,0
METHOTREXATE,MK-8669,NCIH23,0
METHOTREXATE,MK-8669,NCIH460,0
METHOTREXATE,MK-8669,RKO,0
METHOTREXATE,MK-8669,RPMI7951,0
METHOTREXATE,PD325901,A427,1
METHOTREXATE,PD325901,HT29,0
METHOTREXATE,PD325901,LOVO,0
METHOTREXATE,PD325901,NCIH2122,0
METHOTREXATE,PD325901,NCIH23,0
METHOTREXATE,PD325901,NCIH460,0
METHOTREXATE,PD325901,RKO,0
METHOTREXATE,PD325901,RPMI7951,0
METHOTREXATE,SORAFENIB,A427,0
METHOTREXATE,SORAFENIB,HT29,0
METHOTREXATE,SORAFENIB,NCIH2122,0
METHOTREXATE,SORAFENIB,NCIH23,0
METHOTREXATE,SORAFENIB,NCIH460,0
METHOTREXATE,SORAFENIB,RKO,0
METHOTREXATE,SORAFENIB,RPMI7951,0
METHOTREXATE,SUNITINIB,A427,0
METHOTREXATE,SUNITINIB,HT29,0
METHOTREXATE,SUNITINIB,LOVO,0
METHOTREXATE,SUNITINIB,NCIH2122,0
METHOTREXATE,SUNITINIB,NCIH23,0
METHOTREXATE,SUNITINIB,NCIH460,0
METHOTREXATE,SUNITINIB,RKO,0
METHOTREXATE,SUNITINIB,RPMI7951,0
METHOTREXATE,ZOLINZA,A427,0
METHOTREXATE,ZOLINZA,HT29,0
METHOTREXATE,ZOLINZA,LOVO,0
METHOTREXATE,ZOLINZA,NCIH2122,0
METHOTREXATE,ZOLINZA,NCIH23,0
METHOTREXATE,ZOLINZA,NCIH460,0
METHOTREXATE,ZOLINZA,RKO,0
METHOTREXATE,ZOLINZA,RPMI7951,0
MK-4827,ABT-888,A427,0
MK-4827,ABT-888,LOVO,0
MK-4827,ABT-888,NCIH2122,0
MK-4827,ABT-888,NCIH23,0
MK-4827,ABT-888,NCIH460,0
MK-4827,ABT-888,RKO,0
MK-4827,ABT-888,RPMI7951,0
MK-4827,BORTEZOMIB,A427,0
MK-4827,BORTEZOMIB,HT29,0
MK-4827,BORTEZOMIB,NCIH2122,1
MK-4827,BORTEZOMIB,NCIH23,0
MK-4827,BORTEZOMIB,NCIH460,1
MK-4827,BORTEZOMIB,RPMI7951,0
MK-4827,DASATINIB,A427,1
MK-4827,DASATINIB,HT29,1
MK-4827,DASATINIB,LOVO,1
MK-4827,DASATINIB,NCIH2122,0
MK-4827,DASATINIB,NCIH23,1
MK-4827,DASATINIB,NCIH460,1
MK-4827,DASATINIB,RKO,1
MK-4827,DASATINIB,RPMI7951,1
MK-4827,ERLOTINIB,A427,0
MK-4827,ERLOTINIB,HT29,1
MK-4827,ERLOTINIB,LOVO,1
MK-4827,ERLOTINIB,NCIH2122,1
MK-4827,ERLOTINIB,NCIH23,0
MK-4827,ERLOTINIB,RPMI7951,0
MK-4827,GELDANAMYCIN,HT29,0
MK-4827,GELDANAMYCIN,LOVO,0
MK-4827,GELDANAMYCIN,NCIH23,0
MK-4827,GELDANAMYCIN,RKO,0
MK-4827,GELDANAMYCIN,RPMI7951,0
MK-4827,MK-8669,A427,1
MK-4827,MK-8669,HT29,1
MK-4827,MK-8669,LOVO,1
MK-4827,MK-8669,NCIH2122,1
MK-4827,MK-8669,NCIH23,1
MK-4827,MK-8669,NCIH460,1
MK-4827,MK-8669,RKO,1
MK-4827,MK-8669,RPMI7951,1
MK-4827,PD325901,A427,0
MK-4827,PD325901,HT29,0
MK-4827,PD325901,LOVO,0
MK-4827,PD325901,NCIH2122,1
MK-4827,PD325901,NCIH23,0
MK-4827,PD325901,NCIH460,1
MK-4827,PD325901,RKO,1
MK-4827,PD325901,RPMI7951,0
MK-4827,SN-38,A427,1
MK-4827,SN-38,LOVO,0
MK-4827,SN-38,NCIH23,1
MK-4827,SN-38,NCIH460,1
MK-4827,SN-38,RKO,1
MK-4827,SN-38,RPMI7951,1
MK-4827,SORAFENIB,LOVO,0
MK-4827,SORAFENIB,NCIH460,1
MK-4827,SORAFENIB,RPMI7951,0
MK-4827,TOPOTECAN,LOVO,1
MK-4827,TOPOTECAN,NCIH2122,1
MK-4827,TOPOTECAN,NCIH460,1
MK-4827,TOPOTECAN,RKO,1
MK-4827,TOPOTECAN,RPMI7951,1
MK-5108,ABT-888,NCIH2122,1
MK-5108,ABT-888,RKO,1
MK-5108,BORTEZOMIB,A427,0
MK-5108,BORTEZOMIB,HT29,0
MK-5108,BORTEZOMIB,LOVO,0
MK-5108,BORTEZOMIB,NCIH2122,0
MK-5108,BORTEZOMIB,NCIH23,0
MK-5108,BORTEZOMIB,NCIH460,0
MK-5108,BORTEZOMIB,RKO,1
MK-5108,BORTEZOMIB,RPMI7951,0
MK-5108,DASATINIB,A427,1
MK-5108,DASATINIB,HT29,1
MK-5108,DASATINIB,LOVO,1
MK-5108,DASATINIB,NCIH2122,0
MK-5108,DASATINIB,NCIH23,1
MK-5108,DASATINIB,RKO,1
MK-5108,DASATINIB,RPMI7951,1
MK-5108,ERLOTINIB,LOVO,1
MK-5108,ERLOTINIB,NCIH2122,0
MK-5108,ERLOTINIB,NCIH23,1
MK-5108,ERLOTINIB,NCIH460,0
MK-5108,ERLOTINIB,RKO,0
MK-5108,GELDANAMYCIN,A427,1
MK-5108,GELDANAMYCIN,HT29,0
MK-5108,GELDANAMYCIN,LOVO,0
MK-5108,GELDANAMYCIN,NCIH2122,0
MK-5108,GELDANAMYCIN,RKO,1
MK-5108,GELDANAMYCIN,RPMI7951,0
MK-5108,MK-4827,A427,1
MK-5108,MK-4827,HT29,1
MK-5108,MK-4827,NCIH2122,1
MK-5108,MK-4827,NCIH23,1
MK-5108,MK-4827,NCIH460,0
MK-5108,MK-4827,RKO,1
MK-5108,MK-4827,RPMI7951,1
MK-5108,MK-8669,A427,1
MK-5108,MK-8669,HT29,1
MK-5108,MK-8669,LOVO,1
MK-5108,MK-8669,NCIH2122,0
MK-5108,MK-8669,NCIH23,1
MK-5108,MK-8669,NCIH460,0
MK-5108,MK-8669,RKO,1
MK-5108,MK-8669,RPMI7951,1
MK-5108,PD325901,A427,1
MK-5108,PD325901,LOVO,1
MK-5108,PD325901,NCIH2122,0
MK-5108,PD325901,NCIH23,1
MK-5108,PD325901,NCIH460,1
MK-5108,PD325901,RKO,1
MK-5108,PD325901,RPMI7951,0
MK-5108,SN-38,A427,0
MK-5108,SN-38,LOVO,0
MK-5108,SN-38,NCIH2122,0
MK-5108,SN-38,NCIH23,1
MK-5108,SN-38,NCIH460,0
MK-5108,SN-38,RKO,0
MK-5108,SN-38,RPMI7951,1
MK-5108,SORAFENIB,LOVO,0
MK-5108,SORAFENIB,NCIH2122,0
MK-5108,SORAFENIB,NCIH460,0
MK-5108,SORAFENIB,RKO,1
MK-5108,SORAFENIB,RPMI7951,0
MK-5108,TOPOTECAN,A427,0
MK-5108,TOPOTECAN,HT29,1
MK-5108,TOPOTECAN,NCIH2122,0
MK-5108,TOPOTECAN,NCIH23,1
MK-5108,TOPOTECAN,NCIH460,0
MK-5108,TOPOTECAN,RKO,1
MK-5108,TOPOTECAN,RPMI7951,1
MK-8669,GELDANAMYCIN,A427,1
MK-8669,GELDANAMYCIN,HT29,0
MK-8669,GELDANAMYCIN,RKO,1
MK-8669,SN-38,A427,1
MK-8669,SN-38,HT29,1
MK-8669,SN-38,LOVO,0
MK-8669,SN-38,RKO,1
MK-8669,SN-38,RPMI7951,1
MK-8669,SORAFENIB,A427,1
MK-8669,SORAFENIB,HT29,1
MK-8669,SORAFENIB,NCIH2122,1
MK-8669,SORAFENIB,NCIH23,1
MK-8669,SORAFENIB,NCIH460,1
MK-8669,SORAFENIB,RKO,1
MK-8669,SORAFENIB,RPMI7951,1
MK-8669,TOPOTECAN,A427,1
MK-8669,TOPOTECAN,HT29,1
MK-8669,TOPOTECAN,LOVO,1
MK-8669,TOPOTECAN,NCIH2122,1
MK-8669,TOPOTECAN,RKO,1
PACLITAXEL,ABT-888,HT29,0
PACLITAXEL,ABT-888,LOVO,0
PACLITAXEL,ABT-888,NCIH2122,0
PACLITAXEL,ABT-888,NCIH23,0
PACLITAXEL,ABT-888,NCIH460,1
PACLITAXEL,ABT-888,RKO,0
PACLITAXEL,AZD1775,A427,0
PACLITAXEL,AZD1775,LOVO,1
PACLITAXEL,AZD1775,NCIH2122,0
PACLITAXEL,AZD1775,NCIH23,0
PACLITAXEL,AZD1775,RKO,0
PACLITAXEL,BORTEZOMIB,A427,0
PACLITAXEL,BORTEZOMIB,HT29,0
PACLITAXEL,BORTEZOMIB,NCIH2122,0
PACLITAXEL,BORTEZOMIB,NCIH23,0
PACLITAXEL,BORTEZOMIB,NCIH460,0
PACLITAXEL,BORTEZOMIB,RKO,0
PACLITAXEL,BORTEZOMIB,RPMI7951,0
PACLITAXEL,DASATINIB,A427,1
PACLITAXEL,DASATINIB,HT29,1
PACLITAXEL,DASATINIB,LOVO,1
PACLITAXEL,DASATINIB,NCIH2122,0
PACLITAXEL,DASATINIB,NCIH460,1
PACLITAXEL,DASATINIB,RKO,1
PACLITAXEL,DASATINIB,RPMI7951,1
PACLITAXEL,ERLOTINIB,HT29,1
PACLITAXEL,ERLOTINIB,LOVO,1
PACLITAXEL,ERLOTINIB,NCIH2122,0
PACLITAXEL,ERLOTINIB,NCIH23,0
PACLITAXEL,ERLOTINIB,NCIH460,1
PACLITAXEL,ERLOTINIB,RKO,0
PACLITAXEL,ERLOTINIB,RPMI7951,0
PACLITAXEL,GELDANAMYCIN,HT29,0
PACLITAXEL,GELDANAMYCIN,LOVO,0
PACLITAXEL,GELDANAMYCIN,NCIH2122,0
PACLITAXEL,GELDANAMYCIN,NCIH23,0
PACLITAXEL,GELDANAMYCIN,NCIH460,0
PACLITAXEL,GELDANAMYCIN,RPMI7951,0
PACLITAXEL,L778123,A427,1
PACLITAXEL,L778123,HT29,1
PACLITAXEL,L778123,LOVO,0
PACLITAXEL,L778123,NCIH2122,0
PACLITAXEL,L778123,NCIH460,1
PACLITAXEL,LAPATINIB,A427,0
PACLITAXEL,LAPATINIB,HT29,0
PACLITAXEL,LAPATINIB,LOVO,1
PACLITAXEL,LAPATINIB,NCIH2122,0
PACLITAXEL,LAPATINIB,NCIH23,0
PACLITAXEL,LAPATINIB,NCIH460,1
PACLITAXEL,LAPATINIB,RKO,0
PACLITAXEL,MK-4827,A427,0
PACLITAXEL,MK-4827,HT29,0
PACLITAXEL,MK-4827,LOVO,0
PACLITAXEL,MK-4827,NCIH2122,0
PACLITAXEL,MK-4827,NCIH23,0
PACLITAXEL,MK-4827,NCIH460,1
PACLITAXEL,MK-4827,RKO,0
PACLITAXEL,MK-4827,RPMI7951,0
PACLITAXEL,MK-5108,A427,1
PACLITAXEL,MK-5108,HT29,1
PACLITAXEL,MK-5108,LOVO,1
PACLITAXEL,MK-5108,NCIH2122,0
PACLITAXEL,MK-5108,NCIH460,1
PACLITAXEL,MK-5108,RKO,1
PACLITAXEL,MK-5108,RPMI7951,1
PACLITAXEL,MK-8669,A427,1
PACLITAXEL,MK-8669,HT29,1
PACLITAXEL,MK-8669,LOVO,1
PACLITAXEL,MK-8669,NCIH2122,0
PACLITAXEL,MK-8669,NCIH23,1
PACLITAXEL,MK-8669,NCIH460,1
PACLITAXEL,MK-8669,RKO,1
PACLITAXEL,MK-8669,RPMI7951,1
PACLITAXEL,PD325901,A427,1
PACLITAXEL,PD325901,NCIH2122,0
PACLITAXEL,PD325901,NCIH460,1
PACLITAXEL,PD325901,RKO,1
PACLITAXEL,SORAFENIB,HT29,0
PACLITAXEL,SORAFENIB,LOVO,0
PACLITAXEL,SORAFENIB,NCIH2122,0
PACLITAXEL,SORAFENIB,NCIH23,0
PACLITAXEL,SORAFENIB,NCIH460,1
PACLITAXEL,SORAFENIB,RPMI7951,0
PACLITAXEL,SUNITINIB,HT29,0
PACLITAXEL,SUNITINIB,NCIH2122,0
PACLITAXEL,SUNITINIB,NCIH23,0
PACLITAXEL,SUNITINIB,NCIH460,1
PACLITAXEL,SUNITINIB,RKO,0
PACLITAXEL,SUNITINIB,RPMI7951,0
PACLITAXEL,ZOLINZA,A427,0
PACLITAXEL,ZOLINZA,HT29,1
PACLITAXEL,ZOLINZA,LOVO,1
PACLITAXEL,ZOLINZA,NCIH2122,0
PACLITAXEL,ZOLINZA,NCIH23,0
PACLITAXEL,ZOLINZA,RPMI7951,0
PD325901,ABT-888,A427,0
PD325901,ABT-888,HT29,0
PD325901,ABT-888,LOVO,0
PD325901,ABT-888,NCIH2122,0
PD325901,ABT-888,NCIH23,0
PD325901,ABT-888,NCIH460,0
PD325901,ABT-888,RPMI7951,0
PD325901,BORTEZOMIB,HT29,0
PD325901,BORTEZOMIB,NCIH2122,0
PD325901,BORTEZOMIB,NCIH23,0
PD325901,BORTEZOMIB,NCIH460,1
PD325901,BORTEZOMIB,RPMI7951,0
PD325901,DASATINIB,A427,1
PD325901,DASATINIB,HT29,1
PD325901,DASATINIB,LOVO,1
PD325901,DASATINIB,NCIH2122,0
PD325901,DASATINIB,NCIH23,1
PD325901,DASATINIB,NCIH460,1
PD325901,DASATINIB,RKO,1
PD325901,DASATINIB,RPMI7951,1
PD325901,GELDANAMYCIN,A427,1
PD325901,GELDANAMYCIN,LOVO,0
PD325901,GELDANAMYCIN,NCIH2122,1
PD325901,GELDANAMYCIN,NCIH460,0
PD325901,GELDANAMYCIN,RKO,1
PD325901,GELDANAMYCIN,RPMI7951,0
PD325901,MK-8669,A427,1
PD325901,MK-8669,HT29,1
PD325901,MK-8669,LOVO,1
PD325901,MK-8669,NCIH2122,1
PD325901,MK-8669,NCIH23,1
PD325901,MK-8669,NCIH460,1
PD325901,MK-8669,RKO,1
PD325901,MK-8669,RPMI7951,1
PD325901,SN-38,A427,0
PD325901,SN-38,HT29,0
PD325901,SN-38,LOVO,0
PD325901,SN-38,NCIH23,0
PD325901,SN-38,NCIH460,1
PD325901,SN-38,RKO,1
PD325901,SN-38,RPMI7951,0
PD325901,SORAFENIB,A427,1
PD325901,SORAFENIB,LOVO,1
PD325901,SORAFENIB,NCIH2122,1
PD325901,SORAFENIB,NCIH23,1
PD325901,SORAFENIB,NCIH460,1
PD325901,SORAFENIB,RKO,1
PD325901,TOPOTECAN,A427,1
PD325901,TOPOTECAN,HT29,0
PD325901,TOPOTECAN,LOVO,1
PD325901,TOPOTECAN,NCIH2122,1
PD325901,TOPOTECAN,NCIH460,0
PD325901,TOPOTECAN,RKO,1
SN-38,SORAFENIB,HT29,0
SN-38,SORAFENIB,LOVO,0
SN-38,SORAFENIB,NCIH23,1
SN-38,SORAFENIB,NCIH460,1
SN-38,SORAFENIB,RKO,1
SUNITINIB,ABT-888,A427,1
SUNITINIB,ABT-888,HT29,1
SUNITINIB,AZD1775,A427,0
SUNITINIB,AZD1775,HT29,0
SUNITINIB,AZD1775,LOVO,0
SUNITINIB,AZD1775,NCIH2122,0
SUNITINIB,AZD1775,NCIH23,0
SUNITINIB,AZD1775,NCIH460,0
SUNITINIB,AZD1775,RKO,0
SUNITINIB,BORTEZOMIB,A427,0
SUNITINIB,BORTEZOMIB,HT29,0
SUNITINIB,BORTEZOMIB,NCIH23,0
SUNITINIB,BORTEZOMIB,RKO,0
SUNITINIB,BORTEZOMIB,RPMI7951,0
SUNITINIB,DASATINIB,A427,1
SUNITINIB,DASATINIB,HT29,1
SUNITINIB,DASATINIB,LOVO,1
SUNITINIB,DASATINIB,NCIH23,1
SUNITINIB,DASATINIB,NCIH460,1
SUNITINIB,DASATINIB,RKO,1
SUNITINIB,ERLOTINIB,HT29,1
SUNITINIB,ERLOTINIB,LOVO,1
SUNITINIB,ERLOTINIB,NCIH2122,1
SUNITINIB,GELDANAMYCIN,NCIH2122,0
SUNITINIB,GELDANAMYCIN,NCIH23,0
SUNITINIB,GELDANAMYCIN,RPMI7951,0
SUNITINIB,LAPATINIB,HT29,1
SUNITINIB,LAPATINIB,LOVO,1
SUNITINIB,LAPATINIB,NCIH2122,1
SUNITINIB,MK-4827,NCIH2122,1
SUNITINIB,MK-4827,NCIH23,0
SUNITINIB,MK-4827,NCIH460,0
SUNITINIB,MK-4827,RKO,0
SUNITINIB,MK-4827,RPMI7951,0
SUNITINIB,MK-5108,NCIH2122,0
SUNITINIB,MK-5108,NCIH23,0
SUNITINIB,MK-5108,NCIH460,0
SUNITINIB,MK-5108,RPMI7951,0
SUNITINIB,MK-8669,A427,1
SUNITINIB,MK-8669,HT29,1
SUNITINIB,MK-8669,LOVO,1
SUNITINIB,MK-8669,NCIH2122,1
SUNITINIB,MK-8669,NCIH23,1
SUNITINIB,MK-8669,NCIH460,1
SUNITINIB,MK-8669,RKO,1
SUNITINIB,MK-8669,RPMI7951,1
SUNITINIB,PD325901,A427,1
SUNITINIB,PD325901,HT29,1
SUNITINIB,PD325901,NCIH2122,1
SUNITINIB,PD325901,NCIH23,1
SUNITINIB,PD325901,NCIH460,1
SUNITINIB,PD325901,RKO,1
SUNITINIB,PD325901,RPMI7951,0
SUNITINIB,SN-38,A427,0
SUNITINIB,SN-38,HT29,0
SUNITINIB,SN-38,NCIH460,1
SUNITINIB,SN-38,RPMI7951,1
SUNITINIB,SORAFENIB,HT29,0
SUNITINIB,SORAFENIB,LOVO,0
SUNITINIB,SORAFENIB,NCIH2122,0
SUNITINIB,SORAFENIB,NCIH23,0
SUNITINIB,SORAFENIB,NCIH460,0
SUNITINIB,SORAFENIB,RKO,0
SUNITINIB,SORAFENIB,RPMI7951,0
SUNITINIB,TOPOTECAN,A427,1
SUNITINIB,TOPOTECAN,HT29,0
SUNITINIB,TOPOTECAN,LOVO,0
SUNITINIB,TOPOTECAN,NCIH23,0
SUNITINIB,TOPOTECAN,NCIH460,0
SUNITINIB,TOPOTECAN,RKO,0
SUNITINIB,TOPOTECAN,RPMI7951,0
TOPOTECAN,SORAFENIB,HT29,0
TOPOTECAN,SORAFENIB,LOVO,0
TOPOTECAN,SORAFENIB,NCIH23,0
TOPOTECAN,SORAFENIB,RPMI7951,0
VINBLASTINE,ABT-888,A427,0
VINBLASTINE,ABT-888,HT29,0
VINBLASTINE,ABT-888,LOVO,0
VINBLASTINE,ABT-888,NCIH2122,0
VINBLASTINE,ABT-888,NCIH23,0
VINBLASTINE,ABT-888,NCIH460,0
VINBLASTINE,ABT-888,RKO,0
VINBLASTINE,ABT-888,RPMI7951,0
VINBLASTINE,AZD1775,A427,0
VINBLASTINE,AZD1775,HT29,0
VINBLASTINE,AZD1775,LOVO,0
VINBLASTINE,AZD1775,NCIH2122,0
VINBLASTINE,AZD1775,NCIH23,0
VINBLASTINE,AZD1775,NCIH460,0
VINBLASTINE,AZD1775,RPMI7951,0
VINBLASTINE,BORTEZOMIB,A427,0
VINBLASTINE,BORTEZOMIB,HT29,0
VINBLASTINE,BORTEZOMIB,NCIH2122,0
VINBLASTINE,BORTEZOMIB,NCIH23,0
VINBLASTINE,BORTEZOMIB,NCIH460,0
VINBLASTINE,BORTEZOMIB,RKO,0
VINBLASTINE,BORTEZOMIB,RPMI7951,0
VINBLASTINE,DASATINIB,A427,1
VINBLASTINE,DASATINIB,HT29,0
VINBLASTINE,DASATINIB,LOVO,1
VINBLASTINE,DASATINIB,NCIH2122,0
VINBLASTINE,DASATINIB,NCIH23,0
VINBLASTINE,DASATINIB,NCIH460,1
VINBLASTINE,DASATINIB,RKO,0
VINBLASTINE,ERLOTINIB,A427,1
VINBLASTINE,ERLOTINIB,HT29,1
VINBLASTINE,ERLOTINIB,LOVO,1
VINBLASTINE,ERLOTINIB,NCIH2122,1
VINBLASTINE,ERLOTINIB,NCIH23,1
VINBLASTINE,ERLOTINIB,NCIH460,1
VINBLASTINE,ERLOTINIB,RKO,1
VINBLASTINE,ERLOTINIB,RPMI7951,1
VINBLASTINE,GELDANAMYCIN,A427,0
VINBLASTINE,GELDANAMYCIN,HT29,0
VINBLASTINE,GELDANAMYCIN,LOVO,0
VINBLASTINE,GELDANAMYCIN,NCIH2122,0
VINBLASTINE,GELDANAMYCIN,NCIH23,0
VINBLASTINE,GELDANAMYCIN,NCIH460,0
VINBLASTINE,GELDANAMYCIN,RKO,0
VINBLASTINE,GELDANAMYCIN,RPMI7951,0
VINBLASTINE,L778123,A427,1
VINBLASTINE,L778123,HT29,1
VINBLASTINE,L778123,LOVO,1
VINBLASTINE,L778123,NCIH2122,1
VINBLASTINE,L778123,NCIH23,1
VINBLASTINE,L778123,NCIH460,1
VINBLASTINE,L778123,RKO,1
VINBLASTINE,L778123,RPMI7951,1
VINBLASTINE,LAPATINIB,A427,0
VINBLASTINE,LAPATINIB,HT29,0
VINBLASTINE,LAPATINIB,LOVO,1
VINBLASTINE,LAPATINIB,NCIH2122,0
VINBLASTINE,LAPATINIB,NCIH23,0
VINBLASTINE,LAPATINIB,RKO,0
VINBLASTINE,LAPATINIB,RPMI7951,0
VINBLASTINE,MK-4827,A427,0
VINBLASTINE,MK-4827,HT29,0
VINBLASTINE,MK-4827,LOVO,0
VINBLASTINE,MK-4827,NCIH2122,1
VINBLASTINE,MK-4827,NCIH23,0
VINBLASTINE,MK-4827,RPMI7951,0
VINBLASTINE,MK-5108,HT29,1
VINBLASTINE,MK-5108,NCIH2122,0
VINBLASTINE,MK-5108,NCIH460,0
VINBLASTINE,MK-5108,RKO,1
VINBLASTINE,MK-5108,RPMI7951,0
VINBLASTINE,MK-8669,A427,0
VINBLASTINE,MK-8669,LOVO,1
VINBLASTINE,MK-8669,NCIH2122,0
VINBLASTINE,MK-8669,NCIH23,0
VINBLASTINE,MK-8669,NCIH460,0
VINBLASTINE,MK-8669,RKO,1
VINBLASTINE,MK-8669,RPMI7951,1
VINBLASTINE,PD325901,HT29,0
VINBLASTINE,PD325901,NCIH2122,0
VINBLASTINE,PD325901,NCIH23,0
VINBLASTINE,PD325901,NCIH460,0
VINBLASTINE,PD325901,RKO,1
VINBLASTINE,PD325901,RPMI7951,0
VINBLASTINE,SORAFENIB,A427,1
VINBLASTINE,SORAFENIB,HT29,0
VINBLASTINE,SORAFENIB,NCIH460,1
VINBLASTINE,SORAFENIB,RKO,1
VINBLASTINE,SORAFENIB,RPMI7951,0
VINBLASTINE,SUNITINIB,HT29,0
VINBLASTINE,SUNITINIB,LOVO,0
VINBLASTINE,SUNITINIB,NCIH23,0
VINBLASTINE,SUNITINIB,NCIH460,0
VINBLASTINE,SUNITINIB,RKO,0
VINBLASTINE,SUNITINIB,RPMI7951,0
VINBLASTINE,ZOLINZA,A427,0
VINBLASTINE,ZOLINZA,HT29,0
VINBLASTINE,ZOLINZA,NCIH2122,0
VINBLASTINE,ZOLINZA,NCIH23,0
VINBLASTINE,ZOLINZA,NCIH460,0
VINBLASTINE,ZOLINZA,RKO,0
VINBLASTINE,ZOLINZA,RPMI7951,0
VINORELBINE,ABT-888,A427,0
VINORELBINE,ABT-888,HT29,0
VINORELBINE,ABT-888,LOVO,0
VINORELBINE,ABT-888,NCIH2122,0
VINORELBINE,ABT-888,NCIH23,0
VINORELBINE,ABT-888,RKO,0
VINORELBINE,ABT-888,RPMI7951,0
VINORELBINE,AZD1775,A427,0
VINORELBINE,AZD1775,HT29,0
VINORELBINE,AZD1775,NCIH2122,0
VINORELBINE,AZD1775,NCIH23,0
VINORELBINE,AZD1775,NCIH460,0
VINORELBINE,AZD1775,RKO,0
VINORELBINE,AZD1775,RPMI7951,0
VINORELBINE,BORTEZOMIB,A427,0
VINORELBINE,BORTEZOMIB,HT29,0
VINORELBINE,BORTEZOMIB,LOVO,0
VINORELBINE,BORTEZOMIB,NCIH2122,0
VINORELBINE,BORTEZOMIB,NCIH23,0
VINORELBINE,BORTEZOMIB,NCIH460,0
VINORELBINE,BORTEZOMIB,RKO,0
VINORELBINE,BORTEZOMIB,RPMI7951,0
VINORELBINE,DASATINIB,A427,1
VINORELBINE,DASATINIB,HT29,0
VINORELBINE,DASATINIB,LOVO,1
VINORELBINE,DASATINIB,NCIH2122,0
VINORELBINE,DASATINIB,NCIH460,1
VINORELBINE,DASATINIB,RPMI7951,1
VINORELBINE,ERLOTINIB,A427,0
VINORELBINE,ERLOTINIB,HT29,0
VINORELBINE,ERLOTINIB,LOVO,1
VINORELBINE,ERLOTINIB,NCIH2122,0
VINORELBINE,ERLOTINIB,NCIH460,1
VINORELBINE,ERLOTINIB,RKO,1
VINORELBINE,ERLOTINIB,RPMI7951,0
VINORELBINE,GELDANAMYCIN,A427,0
VINORELBINE,GELDANAMYCIN,HT29,0
VINORELBINE,GELDANAMYCIN,LOVO,0
VINORELBINE,GELDANAMYCIN,NCIH2122,0
VINORELBINE,GELDANAMYCIN,NCIH23,0
VINORELBINE,GELDANAMYCIN,NCIH460,0
VINORELBINE,GELDANAMYCIN,RKO,0
VINORELBINE,GELDANAMYCIN,RPMI7951,0
VINORELBINE,LAPATINIB,A427,0
VINORELBINE,LAPATINIB,HT29,0
VINORELBINE,LAPATINIB,LOVO,1
VINORELBINE,LAPATINIB,NCIH2122,0
VINORELBINE,LAPATINIB,NCIH460,1
VINORELBINE,LAPATINIB,RKO,0
VINORELBINE,LAPATINIB,RPMI7951,0
VINORELBINE,MK-4827,A427,0
VINORELBINE,MK-4827,HT29,0
VINORELBINE,MK-4827,LOVO,0
VINORELBINE,MK-4827,NCIH2122,0
VINORELBINE,MK-4827,NCIH23,0
VINORELBINE,MK-4827,RKO,0
VINORELBINE,MK-4827,RPMI7951,0
VINORELBINE,MK-5108,A427,0
VINORELBINE,MK-5108,HT29,0
VINORELBINE,MK-5108,LOVO,0
VINORELBINE,MK-5108,NCIH2122,0
VINORELBINE,MK-5108,NCIH23,0
VINORELBINE,MK-5108,NCIH460,0
VINORELBINE,MK-5108,RKO,0
VINORELBINE,MK-5108,RPMI7951,0
VINORELBINE,MK-8669,A427,0
VINORELBINE,MK-8669,HT29,0
VINORELBINE,MK-8669,LOVO,1
VINORELBINE,MK-8669,NCIH2122,0
VINORELBINE,MK-8669,NCIH23,0
VINORELBINE,MK-8669,RKO,1
VINORELBINE,MK-8669,RPMI7951,1
VINORELBINE,PD325901,A427,0
VINORELBINE,PD325901,HT29,0
VINORELBINE,PD325901,NCIH2122,0
VINORELBINE,PD325901,NCIH23,0
VINORELBINE,PD325901,RKO,1
VINORELBINE,PD325901,RPMI7951,0
VINORELBINE,SORAFENIB,HT29,0
VINORELBINE,SORAFENIB,LOVO,0
VINORELBINE,SORAFENIB,NCIH2122,0
VINORELBINE,SORAFENIB,NCIH23,0
VINORELBINE,SORAFENIB,RKO,0
VINORELBINE,SORAFENIB,RPMI7951,0
VINORELBINE,SUNITINIB,A427,1
VINORELBINE,SUNITINIB,HT29,0
VINORELBINE,SUNITINIB,NCIH2122,0
VINORELBINE,SUNITINIB,NCIH23,0
VINORELBINE,SUNITINIB,RKO,0
VINORELBINE,SUNITINIB,RPMI7951,0
VINORELBINE,ZOLINZA,A427,0
VINORELBINE,ZOLINZA,HT29,0
VINORELBINE,ZOLINZA,NCIH2122,0
VINORELBINE,ZOLINZA,NCIH23,0
VINORELBINE,ZOLINZA,NCIH460,0
VINORELBINE,ZOLINZA,RKO,0
VINORELBINE,ZOLINZA,RPMI7951,0
ZOLINZA,ABT-888,A427,0
ZOLINZA,ABT-888,NCIH2122,1
ZOLINZA,ABT-888,NCIH460,0
ZOLINZA,ABT-888,RKO,0
ZOLINZA,ABT-888,RPMI7951,1
ZOLINZA,AZD1775,A427,0
ZOLINZA,AZD1775,HT29,0
ZOLINZA,AZD1775,NCIH2122,0
ZOLINZA,AZD1775,NCIH23,1
ZOLINZA,AZD1775,NCIH460,0
ZOLINZA,AZD1775,RKO,0
ZOLINZA,AZD1775,RPMI7951,1
ZOLINZA,BORTEZOMIB,A427,0
ZOLINZA,BORTEZOMIB,HT29,0
ZOLINZA,BORTEZOMIB,LOVO,0
ZOLINZA,BORTEZOMIB,NCIH23,0
ZOLINZA,BORTEZOMIB,NCIH460,1
ZOLINZA,BORTEZOMIB,RKO,1
ZOLINZA,BORTEZOMIB,RPMI7951,0
ZOLINZA,DASATINIB,A427,0
ZOLINZA,DASATINIB,LOVO,1
ZOLINZA,DASATINIB,NCIH2122,0
ZOLINZA,DASATINIB,NCIH23,0
ZOLINZA,DASATINIB,NCIH460,1
ZOLINZA,ERLOTINIB,LOVO,1
ZOLINZA,ERLOTINIB,NCIH2122,1
ZOLINZA,ERLOTINIB,NCIH23,0
ZOLINZA,ERLOTINIB,RKO,1
ZOLINZA,ERLOTINIB,RPMI7951,1
ZOLINZA,GELDANAMYCIN,A427,0
ZOLINZA,GELDANAMYCIN,HT29,0
ZOLINZA,GELDANAMYCIN,LOVO,0
ZOLINZA,GELDANAMYCIN,NCIH2122,0
ZOLINZA,GELDANAMYCIN,NCIH23,0
ZOLINZA,GELDANAMYCIN,NCIH460,0
ZOLINZA,GELDANAMYCIN,RKO,0
ZOLINZA,GELDANAMYCIN,RPMI7951,0
ZOLINZA,GEMCITABINE,A427,0
ZOLINZA,GEMCITABINE,HT29,0
ZOLINZA,GEMCITABINE,NCIH460,0
ZOLINZA,GEMCITABINE,RKO,0
ZOLINZA,LAPATINIB,A427,0
ZOLINZA,LAPATINIB,HT29,1
ZOLINZA,LAPATINIB,LOVO,1
ZOLINZA,LAPATINIB,NCIH2122,1
ZOLINZA,LAPATINIB,NCIH23,0
ZOLINZA,LAPATINIB,NCIH460,0
ZOLINZA,MK-4827,A427,0
ZOLINZA,MK-4827,HT29,1
ZOLINZA,MK-4827,LOVO,0
ZOLINZA,MK-4827,NCIH2122,1
ZOLINZA,MK-4827,NCIH23,0
ZOLINZA,MK-4827,NCIH460,1
ZOLINZA,MK-4827,RKO,0
ZOLINZA,MK-5108,A427,0
ZOLINZA,MK-5108,HT29,1
ZOLINZA,MK-5108,LOVO,0
ZOLINZA,MK-5108,NCIH23,0
ZOLINZA,MK-5108,NCIH460,0
ZOLINZA,MK-5108,RKO,1
ZOLINZA,MK-8669,A427,1
ZOLINZA,MK-8669,HT29,1
ZOLINZA,MK-8669,LOVO,1
ZOLINZA,MK-8669,NCIH2122,1
ZOLINZA,MK-8669,RKO,1
ZOLINZA,MK-8669,RPMI7951,1
ZOLINZA,PD325901,A427,0
ZOLINZA,PD325901,NCIH23,0
ZOLINZA,PD325901,NCIH460,0
ZOLINZA,PD325901,RPMI7951,0
ZOLINZA,SN-38,A427,0
ZOLINZA,SN-38,LOVO,0
ZOLINZA,SN-38,NCIH2122,1
ZOLINZA,SN-38,NCIH23,0
ZOLINZA,SORAFENIB,A427,0
ZOLINZA,SORAFENIB,HT29,0
ZOLINZA,SORAFENIB,LOVO,0
ZOLINZA,SORAFENIB,NCIH2122,0
ZOLINZA,SORAFENIB,NCIH23,0
ZOLINZA,SORAFENIB,RPMI7951,0
ZOLINZA,SUNITINIB,A427,0
ZOLINZA,SUNITINIB,HT29,0
ZOLINZA,SUNITINIB,NCIH23,0
ZOLINZA,SUNITINIB,NCIH460,0
ZOLINZA,SUNITINIB,RKO,0
ZOLINZA,SUNITINIB,RPMI7951,0
ZOLINZA,TOPOTECAN,NCIH2122,1
ZOLINZA,TOPOTECAN,NCIH23,0
ZOLINZA,TOPOTECAN,NCIH460,0
